--majors
INSERT INTO majors (majorID, majorName) VALUES
(1, 'Mathematics'),
(2, 'English'),
(3, 'Computer Science'),
(4, 'Biology'),
(5, 'Political Science'),
(6, 'Art'),
(7, 'Music'),
(8, 'Physical Education'),
(9, 'Engineering'),
(10, 'Health Sciences'),
(11, 'Communications'),
(12, 'Environmental Science'),
(13, 'Agriculture');

--minors
INSERT INTO minors (minorID, minorName) VALUES
(1, 'Applied Mathematics'),
(2, 'Creative Writing'),
(3, 'Information Technology'),
(4, 'Ecology'),
(5, 'International Relations'),
(6, 'Fine Arts'),
(7, 'Music Performance'),
(8, 'Sports Management'),
(9, 'Civil Engineering'),
(10, 'Public Health'),
(11, 'Journalism'),
(12, 'Business Administration');

--degrees
INSERT INTO degrees (degreeID, degreeName, department) VALUES
(1, 'Associate of Science in Mathematics', 'Mathematics'),
(2, 'Associate of Arts in English', 'English'),
(3, 'Associate of Science in Computer Science', 'Computer Science'),
(4, 'Associate of Science in Biology', 'Biology'),
(5, 'Associate of Arts in Political Science', 'Political Science'),
(6, 'Associate of Fine Arts in Art', 'Art'),
(7, 'Associate of Music in Music', 'Music'),
(8, 'Associate of Science in Physical Education', 'Physical Education'),
(9, 'Associate of Science in Engineering', 'Engineering'),
(10, 'Associate of Science in Health Sciences', 'Health Sciences'),
(11, 'Associate of Arts in Communications', 'Communications'),
(12, 'Associate of Science in Environmental Science', 'Environmental Science'),
(13, 'Associate of Science in Agriculture', 'Agriculture'),
(14, 'Certificate in Computer Programming', 'Computer Science'),
(15, 'Certificate in Digital Marketing', 'Communications');

-- departments table
INSERT INTO departments (departmentID, departmentName, departmentChair, officeLocation) VALUES
(1, 'Mathematics', 'Jennifer Smith', 'Science Building, Room 101'),
(2, 'English', 'Michael Johnson', 'Humanities Building, Room 201'),
(3, 'History', 'Rachel Williams', 'Humanities Building, Room 301'),
(4, 'Computer Science', 'Daniel Brown', 'Engineering Building, Room 101'),
(5, 'Physics', 'Jessica Davis', 'Science Building, Room 201'),
(6, 'Chemistry', 'Matthew Miller', 'Science Building, Room 301'),
(7, 'Biology', 'Emily Wilson', 'Science Building, Room 401'),
(8, 'Psychology', 'David Anderson', 'Social Sciences Building, Room 101'),
(9, 'Sociology', 'Samantha Taylor', 'Social Sciences Building, Room 201'),
(10, 'Business', 'Andrew Martinez', 'Business Building, Room 101'),
(11, 'Economics', 'Ashley Hernandez', 'Business Building, Room 201'),
(12, 'Political Science', 'Christopher Garcia', 'Social Sciences Building, Room 301'),
(13, 'Art', 'Brittany Lopez', 'Fine Arts Building, Room 101'),
(14, 'Music', 'Ryan Gonzalez', 'Fine Arts Building, Room 201'),
(15, 'Physical Education', 'Lauren Perez', 'Athletic Building, Room 101'),
(16, 'Engineering', 'Kevin Torres', 'Engineering Building, Room 201'),
(17, 'Health Sciences', 'Megan Flores', 'Health Sciences Building, Room 101'),
(18, 'Communications', 'Justin Ramirez', 'Media Center, Room 101'),
(19, 'Environmental Science', 'Stephanie Reed', 'Science Building, Room 501'),
(20, 'Agriculture', 'Brandon Sanchez', 'Agriculture Building, Room 101');

--students table
INSERT INTO students (studentID, firstName, middleName, lastName, ssn, dob, gender, email, phone, address1, city, states, zip, country) VALUES
(1, 'John', 'Michael', 'Smith', '515-45-3289', '2000-05-15', 'M', 'john.smith@tritons.iowacentral.edu', '123-456-7890', '123 Main St', 'Fort Dodge', 'IA', '50501', 'USA'),
(2, 'Emily', 'Anne', 'Johnson', '987-65-4321', '2001-08-21', 'F', 'emily.johnson@tritons.iowacentral.edu', '456-789-0123', '456 Elm St', 'Los Angeles', 'CA', '90001', 'USA'),
(3, 'Michael', 'James', 'Williams', '456-78-9012', '1999-12-10', 'M', 'michael.williams@tritons.iowacentral.edu', '789-012-3456', '789 Oak St', 'Chicago', 'IL', '60601', 'USA'),
(4, 'Sophia', 'Grace', 'Brown', '654-32-1098', '2002-03-28', 'F', 'sophia.brown@tritons.iowacentral.edu', '012-345-6789', '101 Pine St', 'Houston', 'TX', '77001', 'USA'),
(5, 'Alexander', 'David', 'Jones', '234-56-7890', '2003-07-04', 'M', 'alexander.jones@tritons.iowacentral.edu', '345-678-9012', '202 Cedar St', 'Phoenix', 'AZ', '85001', 'USA'),
(6, 'Emma', 'Marie', 'Martinez', '876-54-3210', '2000-02-12', 'F', 'emma.martinez@tritons.iowacentral.edu', '567-890-1234', '345 Oakwood Ln', 'San Francisco', 'CA', '94101', 'USA'),
(7, 'William', 'Robert', 'Taylor', '543-21-0987', '2001-11-30', 'M', 'william.taylor@tritons.iowacentral.edu', '890-123-4567', '678 Maple Ave', 'Seattle', 'WA', '98101', 'USA'),
(8, 'Olivia', 'Elizabeth', 'Garcia', '210-98-7654', '1998-08-05', 'F', 'olivia.garcia@tritons.iowacentral.edu', '901-234-5678', '789 Pinecrest Dr', 'Miami', 'FL', '33101', 'USA'),
(9, 'James', 'William', 'Rodriguez', '789-01-2345', '2002-04-17', 'M', 'james.rodriguez@tritons.iowacentral.edu', '234-567-8901', '890 Cedar Ln', 'Boston', 'MA', '02101', 'USA'),
(10, 'Isabella', 'Ava', 'Hernandez', '321-09-8765', '1999-09-22', 'F', 'isabella.hernandez@tritons.iowacentral.edu', '345-678-9012', '456 Oak St', 'Fort Dodge', 'IA', '50501', 'USA'),
(11, 'Benjamin', 'Mason', 'Gonzalez', '901-23-4567', '2003-06-25', 'M', 'benjamin.gonzalez@tritons.iowacentral.edu', '456-789-0123', '678 Birch Dr', 'Philadelphia', 'PA', '19101', 'USA'),
(12, 'Mia', 'Charlotte', 'Lopez', '543-21-9876', '2000-10-08', 'F', 'mia.lopez@tritons.iowacentral.edu', '567-890-1234', '789 Elm St', 'Atlanta', 'GA', '30301', 'USA'),
(13, 'Elijah', 'Logan', 'Perez', '098-76-5432', '2001-03-19', 'M', 'elijah.perez@tritons.iowacentral.edu', '678-901-2345', '901 Pine St', 'Detroit', 'MI', '48201', 'USA'),
(14, 'Charlotte', 'Avery', 'Torres', '456-78-9012', '2004-01-14', 'F', 'charlotte.torres@tritons.iowacentral.edu', '789-012-3456', '123 Cedar Ln', 'Fort Dodge', 'IA', '50501', 'USA'),
(15, 'Daniel', 'Liam', 'Rivera', '234-56-7890', '2002-07-29', 'M', 'daniel.rivera@tritons.iowacentral.edu', '890-123-4567', '234 Maple St', 'Portland', 'OR', '97201', 'USA'),
(16, 'Amelia', 'Harper', 'Long', '654-32-1098', '1999-12-03', 'F', 'amelia.long@tritons.iowacentral.edu', '901-234-5678', '345 Oakwood Dr', 'San Antonio', 'TX', '78201', 'USA'),
(17, 'Matthew', 'Ryan', 'Scott', '234-56-7890', '2003-05-18', 'M', 'matthew.scott@tritons.iowacentral.edu', '012-345-6789', '456 Pine St', 'Las Vegas', 'NV', '89101', 'USA'),
(18, 'Harper', 'Avery', 'Nguyen', '876-54-3210', '2001-08-07', 'F', 'harper.nguyen@tritons.iowacentral.edu', '123-456-7890', '567 Elm St', 'Minneapolis', 'MN', '55401', 'USA'),
(19, 'Liam', 'Ethan', 'Kim', '543-21-0987', '2000-02-20', 'M', 'liam.kim@tritons.iowacentral.edu', '234-567-8901', '678 Oakwood Ln', 'Charlotte', 'NC', '28201', 'USA'),
(20, 'Avery', 'Evelyn', 'Singh', '987-65-4321', '2004-09-16', 'F', 'avery.singh@tritons.iowacentral.edu', '345-678-9012', '789 Maple Ave', 'San Diego', 'CA', '92101', 'USA');

--teachers tablel

INSERT INTO teachers (teacherID, firstName, lastName, dob, gender, email, phone, department) VALUES
(1, 'Jennifer', 'Smith', '1992-05-15', 'F', 'smith@iowacentral.edu', '555-1234', 'Mathematics'),
(2, 'Michael', 'Johnson', '1989-08-27', 'M', 'johnson@iowacentral.edu', '555-5678', 'English'),
(3, 'Rachel', 'Williams', '1969-02-10', 'F', 'williams@iowacentral.edu', '555-9876', 'History'),
(4, 'Daniel', 'Brown', '1961-11-20', 'M', 'brown@iowacentral.edu', '555-2468', 'Computer Science'),
(5, 'Jessica', 'Davis', '1974-07-03', 'F', 'davis@iowacentral.edu', '555-1357', 'Physics'),
(6, 'Matthew', 'Miller', '1992-09-18', 'M', 'miller@iowacentral.edu', '555-3698', 'Chemistry'),
(7, 'Emily', 'Wilson', '1990-04-22', 'F', 'wilson@iowacentral.edu', '555-7890', 'Biology'),
(8, 'David', 'Anderson', '1991-12-05', 'M', 'anderson@iowacentral.edu', '555-4321', 'Psychology'),
(9, 'Samantha', 'Taylors', '1976-10-14', 'F', 'taylor@iowacentral.edu', '555-8765', 'Sociology'),
(10, 'Andrew', 'Martinez', '1972-06-30', 'M', 'martinez@iowacentral.edu', '555-2314', 'Business'),
(11, 'Ashley', 'Hernandez', '1967-08-12', 'F', 'hernandez@iowacentral.edu', '555-9632', 'Economics'),
(12, 'Christopher', 'Garcia', '1991-03-25', 'M', 'garcia@iowacentral.edu', '555-8741', 'Political Science'),
(13, 'Brittany', 'Lopez', '1980-09-09', 'F', 'lopez@iowacentral.edu', '555-2587', 'Art'),
(14, 'Ryan', 'Gonzalez', '1990-07-17', 'M', 'gonzalez@iowacentral.edu', '555-7412', 'Music'),
(15, 'Lauren', 'Perez', '1974-12-08', 'F', 'perez@iowacentral.edu', '555-3698', 'Physical Education'),
(16, 'Kevin', 'Torres', '1981-11-03', 'M', 'torres@iowacentral.edu', '555-1593', 'Engineering'),
(17, 'Megan', 'Flores', '1980-05-19', 'F', 'flores@iowacentral.edu', '555-8520', 'Health Sciences'),
(18, 'Justin', 'Ramirez', '1982-02-27', 'M', 'ramirez@iowacentral.edu', '555-3045', 'Communications'),
(19, 'Stephanie', 'Reed', '1989-10-01', 'F', 'reed@iowacentral.edu', '555-7162', 'Environmental Science'),
(20, 'Brandon', 'Sanchez', '1975-04-14', 'M', 'sanchez@iowacentral.edu', '555-4871', 'Agriculture'),
(21, 'Scott', 'Kehrberg', '1970-05-03', 'M', 'kehrberg@iowacentral.edu', '515-284-9022', 'Computer Science'),
(22, 'Laura', 'Harris', '1987-06-25', 'F', 'harris@iowacentral.edu', '515-987-6543', 'English'),
(23, 'Matthew', 'Scott', '1980-09-18', 'M', 'scott@iowacentral.edu', '515-234-5678', 'Computer Science'),
(24, 'Jennifer', 'Baker', '1975-03-11', 'F', 'baker@iowacentral.edu', '515-345-6789', 'Biology'),
(25, 'Justin', 'Lee', '1982-01-30', 'M', 'lee@iowacentral.edu', '515-456-7890', 'Political Science'),
(26, 'Sarah', 'Thompson', '1979-11-14', 'F', 'thompson@iowacentral.edu', '515-678-9012', 'Art'),
(27, 'Ethan', 'Rodriguez', '1976-08-20', 'M', 'rodriguez@iowacentral.edu', '515-890-1234', 'Music'),
(28, 'Emma', 'White', '1983-04-05', 'F', 'white@iowacentral.edu', '515-901-2345', 'Physical Education'),
(29, 'Daniel', 'Smithers', '1978-10-01', 'M', 'clark@iowacentral.edu', '515-234-5678', 'Engineering'),
(30, 'Olivia', 'Nguyen', '1984-07-15', 'F', 'nguyen@iowacentral.edu', '515-345-6789', 'Health Sciences'),
(31, 'Jacob', 'Hernandez', '1973-12-25', 'M', 'hernandez@iowacentral.edu', '515-456-7890', 'Communications'),
(32, 'Madison', 'Garcia', '1988-02-10', 'F', 'garcia@iowacentral.edu', '515-567-8901', 'Environmental Science'),
(33, 'William', 'Martinez', '1981-05-22', 'M', 'martinez@iowacentral.edu', '515-678-9012', 'Agriculture'),
(34, 'Lauren', 'Miller', '1985-08-20', 'F', 'miller@iowacentral.edu', '515-234-5678', 'English'),
(35, 'Andrew', 'Taylor', '1983-07-12', 'M', 'taylor@iowacentral.edu', '515-345-6789', 'Computer Science'),
(36, 'Stephanie', 'Gonzalez', '1988-09-05', 'F', 'gonzalez@iowacentral.edu', '515-456-7890', 'Biology'),
(37, 'Joshua', 'Wang', '1984-04-30', 'M', 'wang@iowacentral.edu', '515-567-8901', 'Political Science'),
(38, 'Emma', 'Lopez', '1986-11-15', 'F', 'lopez@iowacentral.edu', '515-678-9012', 'Art'),
(39, 'Ryan', 'Chen', '1978-03-20', 'M', 'chen@iowacentral.edu', '515-789-0123', 'Music'),
(40, 'Olivia', 'Thompson', '1982-12-10', 'F', 'thompson@iowacentral.edu', '515-890-1234', 'Physical Education'),
(41, 'Michael', 'Nguyen', '1979-09-01', 'M', 'nguyen@iowacentral.edu', '515-901-2345', 'Engineering'),
(42, 'Emily', 'Rodriguez', '1982-05-14', 'F', 'rodriguez@iowacentral.edu', '515-012-3456', 'Health Sciences'),
(43, 'Jacob', 'White', '1977-08-25', 'M', 'white@iowacentral.edu', '515-123-4567', 'Communications'),
(44, 'Madison', 'Clark', '1983-06-30', 'F', 'clark@iowacentral.edu', '515-234-5678', 'Environmental Science'),
(45, 'William', 'Martinez', '1980-04-12', 'M', 'martinez@iowacentral.edu', '515-345-6789', 'Agriculture'),
(46, 'Amanda', 'Thompsons', '1985-08-20', 'F', 'thompson@iowacentral.edu', '515-456-7890', 'Mathematics');

--faculty table
INSERT INTO faculty (facultyID, firstName, lastName, dob, gender, email, phone, department) VALUES
(1, 'John', 'Smith', '1965-08-10', 'M', 'john.smith@iowacentral.edu', '555-1234', 'Student Services'),
(2, 'Emily', 'Johnson', '1978-03-15', 'F', 'emily.johnson@iowacentral.edu', '555-5678', 'Student Services'),
(3, 'Michael', 'Williams', '1980-11-20', 'M', 'michael.williams@iowacentral.edu', '555-9876', 'Student Services'),
(4, 'Sarah', 'Brown', '1972-07-03', 'F', 'sarah.brown@iowacentral.edu', '555-1357', 'Student Services'),
(5, 'David', 'Davis', '1969-09-18', 'M', 'david.davis@iowacentral.edu', '555-3698', 'Student Services'),
(6, 'Jessica', 'Miller', '1976-04-22', 'F', 'jessica.miller@iowacentral.edu', '555-7890', 'Student Services'),
(7, 'Matthew', 'Wilson', '1985-12-05', 'M', 'matthew.wilson@iowacentral.edu', '555-4321', 'Student Services'),
(8, 'Laura', 'Anderson', '1970-10-14', 'F', 'laura.anderson@iowacentral.edu', '555-8765', 'Student Services'),
(9, 'Christopher', 'Taylor', '1983-06-30', 'M', 'christopher.taylor@iowacentral.edu', '555-2314', 'Student Services'),
(10, 'Amanda', 'Martinez', '1988-08-12', 'F', 'amanda.martinez@iowacentral.edu', '555-9632', 'Student Services'),
(11, 'Robert', 'Hernandez', '1975-03-25', 'M', 'robert.hernandez@iowacentral.edu', '555-8741', 'Student Services'),
(12, 'Emily', 'Garcia', '1979-09-09', 'F', 'emily.garcia@iowacentral.edu', '555-2587', 'Student Services'),
(13, 'James', 'Gonzalez', '1982-07-17', 'M', 'james.gonzalez@iowacentral.edu', '555-7412', 'Student Services'),
(14, 'Rachel', 'Perez', '1974-12-08', 'F', 'rachel.perez@iowacentral.edu', '555-3698', 'Student Services'),
(15, 'Daniel', 'Torres', '1978-11-03', 'M', 'daniel.torres@iowacentral.edu', '555-1593', 'Student Services'),
(16, 'Lauren', 'Flores', '1981-05-19', 'F', 'lauren.flores@iowacentral.edu', '555-8520', 'Student Services'),
(17, 'Andrew', 'Ramirez', '1976-02-27', 'M', 'andrew.ramirez@iowacentral.edu', '555-3045', 'Student Services'),
(18, 'Jessica', 'Reed', '1989-10-01', 'F', 'jessica.reed@iowacentral.edu', '555-7162', 'Student Services'),
(19, 'Brandon', 'Sanchez', '1973-04-14', 'M', 'brandon.sanchez@iowacentral.edu', '555-4871', 'Student Services'),
(20, 'Ashley', 'Kehrberg', '1977-05-03', 'F', 'ashley.kehrberg@iowacentral.edu', '515-284-9022', 'Student Services'),
(21, 'Scott', 'Thompson', '1980-09-10', 'M', 'scott.thompson@iowacentral.edu', '515-345-6789', 'Student Services'),
(22, 'Jessica', 'Lee', '1976-10-05', 'F', 'jessica.lee@iowacentral.edu', '515-567-8901', 'Student Services'),
(23, 'Michael', 'Garcia', '1979-02-12', 'M', 'michael.garcia@iowacentral.edu', '515-678-9012', 'Student Services'),
(24, 'Rachel', 'Nguyen', '1981-07-20', 'F', 'rachel.nguyen@iowacentral.edu', '515-789-0123', 'Student Services'),
(25, 'Daniel', 'Rodriguez', '1983-04-02', 'M', 'daniel.rodriguez@iowacentral.edu', '515-890-1234', 'Student Services'),
(26, 'Emily', 'Chang', '1972-08-15', 'F', 'emily.chang@iowacentral.edu', '515-901-2345', 'Student Services'),
(27, 'Matthew', 'Lopez', '1986-06-22', 'M', 'matthew.lopez@iowacentral.edu', '515-012-3456', 'Student Services'),
(28, 'Jessica', 'Kim', '1987-03-30', 'F', 'jessica.kim@iowacentral.edu', '515-123-4567', 'Student Services'),
(29, 'Kevin', 'Wong', '1984-12-01', 'M', 'kevin.wong@iowacentral.edu', '515-234-5678', 'Student Services'),
(30, 'Samantha', 'Tran', '1978-11-20', 'F', 'samantha.tran@iowacentral.edu', '515-345-6789', 'Student Services'),
(31, 'David', 'Gonzalez', '1980-05-05', 'M', 'david.gonzalez@iowacentral.edu', '515-456-7890', 'Student Services'),
(32, 'Lauren', 'Perez', '1977-02-18', 'F', 'lauren.perez@iowacentral.edu', '515-567-8901', 'Student Services'),
(33, 'Matthew', 'Martinez', '1983-09-08', 'M', 'matthew.martinez@iowacentral.edu', '515-678-9012', 'Student Services'),
(34, 'Jessica', 'Wilson', '1975-10-15', 'F', 'jessica.wilson@iowacentral.edu', '515-789-0123', 'Student Services'),
(35, 'Ryan', 'Anderson', '1979-06-07', 'M', 'ryan.anderson@iowacentral.edu', '515-890-1234', 'Student Services');

-- courses table
INSERT INTO courses (courseID, courseName, department, credits) VALUES
(1, 'Calculus I', 'Mathematics', 3.0),
(2, 'Linear Algebra', 'Mathematics', 3.0),
(3, 'Statistics', 'Mathematics', 3.0),
(4, 'Introduction to Literature', 'English', 3.0),
(5, 'Composition I', 'English', 3.0),
(6, 'American Literature', 'English', 3.0),
(7, 'Introduction to Programming', 'Computer Science', 4.0),
(8, 'Data Structures and Algorithms', 'Computer Science', 4.0),
(9, 'Database Management Systems', 'Computer Science', 4.0),
(10, 'General Biology', 'Biology', 4.0),
(11, 'Anatomy and Physiology', 'Biology', 4.0),
(12, 'Microbiology', 'Biology', 4.0),
(13, 'Introduction to Political Science', 'Political Science', 3.0),
(14, 'Comparative Politics', 'Political Science', 3.0),
(15, 'International Relations', 'Political Science', 3.0),
(16, 'Art History', 'Art', 3.0),
(17, 'Drawing Fundamentals', 'Art', 3.0),
(18, 'Painting Techniques', 'Art', 3.0),
(19, 'Music Theory', 'Music', 3.0),
(20, 'Introduction to Music Production', 'Music', 3.0),
(21, 'Music Appreciation', 'Music', 3.0),
(22, 'Physical Fitness', 'Physical Education', 2.0),
(23, 'Team Sports', 'Physical Education', 2.0),
(24, 'Yoga and Meditation', 'Physical Education', 2.0),
(25, 'Introduction to Engineering', 'Engineering', 4.0),
(26, 'Mechanics and Dynamics', 'Engineering', 4.0),
(27, 'Electrical Circuits', 'Engineering', 4.0),
(28, 'Anatomy and Physiology', 'Health Sciences', 4.0),
(29, 'Medical Terminology', 'Health Sciences', 3.0),
(30, 'Nutrition Science', 'Health Sciences', 3.0),
(31, 'Introduction to Communications', 'Communications', 3.0),
(32, 'Public Speaking', 'Communications', 3.0),
(33, 'Mass Media and Society', 'Communications', 3.0),
(34, 'Environmental Science Fundamentals', 'Environmental Science', 4.0),
(35, 'Conservation Biology', 'Environmental Science', 4.0),
(36, 'Climate Change and Sustainability', 'Environmental Science', 4.0),
(37, 'Introduction to Agriculture', 'Agriculture', 3.0),
(38, 'Crop Science', 'Agriculture', 3.0),
(39, 'Livestock Management', 'Agriculture', 3.0);


--classes (times)
--format 

INSERT INTO classes (classID, courseID, teacherID, classCode, classDay, startTime, endTime, roomNumber) VALUES
(1, 1, 1, 'MATH101-01', 'Monday', '08:00:00', '09:30:00', 'SCI-101'),
(2, 2, 22, 'MATH201-01', 'Tuesday', '10:00:00', '11:30:00', 'SCI-102'),
(3, 3, 23, 'MATH301-01', 'Wednesday', '13:00:00', '14:30:00', 'SCI-103'),

(4, 4, 25, 'ENGL101-01', 'Monday', '08:00:00', '09:30:00', 'LIB-201'),
(5, 5, 35, 'ENGL201-01', 'Tuesday', '10:00:00', '11:30:00', 'LIB-202'),
(6, 6, 26, 'ENGL301-01', 'Wednesday', '13:00:00', '14:30:00', 'LIB-203'),

(7, 7, 34, 'CSCI101-01', 'Monday', '08:00:00', '09:30:00', 'SCI-301'),
(8, 8, 36, 'CSCI201-01', 'Tuesday', '10:00:00', '11:30:00', 'SCI-302'),
(9, 9, 35, 'CSCI301-01', 'Wednesday', '13:00:00', '14:30:00', 'SCI-303'),

(10, 10, 24, 'BIOL101-01', 'Monday', '08:00:00', '09:30:00', 'SCI-401'),
(11, 11, 26, 'BIOL201-01', 'Tuesday', '10:00:00', '11:30:00', 'SCI-402'),
(12, 12, 37, 'BIOL301-01', 'Wednesday', '13:00:00', '14:30:00', 'SCI-403'),


(13, 13, 25, 'PSCI101-01', 'Monday', '08:00:00', '09:30:00', 'SCI-501'),
(14, 14, 27, 'PSCI201-01', 'Tuesday', '10:00:00', '11:30:00', 'SCI-502'),
(15, 15, 37, 'PSCI301-01', 'Wednesday', '13:00:00', '14:30:00', 'SCI-503'),


(16, 16, 31, 'ART101-01', 'Monday', '08:00:00', '09:30:00', 'LIB-601'),
(17, 17, 38, 'ART201-01', 'Tuesday', '10:00:00', '11:30:00', 'LIB-602'),
(18, 18, 32, 'ART301-01', 'Wednesday', '13:00:00', '14:30:00', 'LIB-603'),


(19, 19, 33, 'MUSC101-01', 'Monday', '08:00:00', '09:30:00', 'LIB-701'),
(20, 20, 39, 'MUSC201-01', 'Tuesday', '10:00:00', '11:30:00', 'LIB-702'),
(21, 21, 31, 'MUSC301-01', 'Wednesday', '13:00:00', '14:30:00', 'LIB-703'),

(22, 22, 40, 'PEDU101-01', 'Monday', '08:00:00', '09:30:00', 'LIB-801'),
(23, 23, 41, 'PEDU201-01', 'Tuesday', '10:00:00', '11:30:00', 'LIB-802'),
(24, 24, 32, 'PEDU301-01', 'Wednesday', '13:00:00', '14:30:00', 'LIB-803'),

(25, 25, 42, 'ENGR101-01', 'Monday', '08:00:00', '09:30:00', 'SCI-901'),
(26, 26, 43, 'ENGR201-01', 'Tuesday', '10:00:00', '11:30:00', 'SCI-902'),
(27, 27, 44, 'ENGR301-01', 'Wednesday', '13:00:00', '14:30:00', 'SCI-903'),

(28, 28, 45, 'HSCI101-01', 'Monday', '08:00:00', '09:30:00', 'SCI-1001'),
(29, 29, 46, 'HSCI201-01', 'Tuesday', '10:00:00', '11:30:00', 'SCI-1002'),
(30, 30, 47, 'HSCI301-01', 'Wednesday', '13:00:00', '14:30:00', 'SCI-1003'),

(31, 31, 48, 'COMM101-01', 'Monday', '08:00:00', '09:30:00', 'SCI-1101'),
(32, 32, 49, 'COMM201-01', 'Tuesday', '10:00:00', '11:30:00', 'SCI-1102'),
(33, 33, 50, 'COMM301-01', 'Wednesday', '13:00:00', '14:30:00', 'SCI-1103'),

(34, 34, 1, 'ENVS101-01', 'Monday', '08:00:00', '09:30:00', 'SCI-1201'),
(35, 35, 34, 'ENVS201-01', 'Tuesday', '10:00:00', '11:30:00', 'SCI-1202'),
(36, 36, 35, 'ENVS301-01', 'Wednesday', '13:00:00', '14:30:00', 'SCI-1203'),
(37, 37, 1, 'AGRI101-01', 'Monday', '08:00:00', '09:30:00', 'SCI-1301'),
(38, 38, 34, 'AGRI201-01', 'Tuesday', '10:00:00', '11:30:00', 'SCI-1302'),
(39, 39, 35, 'AGRI301-01', 'Wednesday', '13:00:00', '14:30:00', 'SCI-1303');

--semesters table
INSERT INTO semesters (semesterID, semesterName, startDate, endDate) VALUES
(1, 'Fall 2023', '2023-08-28', '2023-12-15'),
(2, 'Spring 2024', '2024-01-08', '2024-05-10'),
(3, 'Summer 2024', '2024-05-20', '2024-08-15'),
(4, 'Fall 2024', '2024-08-26', '2024-12-13');


--enrollment table
--format
INSERT INTO enrollment (enrollmentID, studentID, classID, grade) VALUES
(1, 1, 1, 'A'),
(2, 2, 1, 'B'),
(3, 3, 1, 'A'),
(4, 4, 2, 'B'),
(5, 5, 2, 'A'),
(6, 6, 2, 'C'),
(7, 7, 3, 'B'),
(8, 8, 3, 'A'),
(9, 9, 3, 'A'),
(10, 10, 3, 'B'),
(11, 11, 4, 'A'),
(12, 12, 4, 'C'),
(13, 13, 4, 'A'),
(14, 14, 5, 'B'),
(15, 15, 5, 'D'),
(16, 16, 5, 'A'),
(17, 17, 6, 'C'),
(18, 18, 6, 'A'),
(19, 19, 6, 'A'),
(20, 20, 6, 'B'),
(21, 1, 7, 'A'),
(22, 2, 7, 'D'),
(23, 3, 7, 'A'),
(24, 4, 8, 'C'),
(25, 5, 8, 'A'),
(26, 6, 8, 'A'),
(27, 7, 9, 'B'),
(28, 8, 9, 'C'),
(29, 9, 9, 'A'),
(30, 10, 9, 'B'),
(31, 11, 10, 'A'),
(32, 12, 10, 'B'),
(33, 13, 10, 'A'),
(34, 14, 11, 'B'),
(35, 15, 11, 'A'),
(36, 16, 11, 'A'),
(37, 17, 12, 'D'),
(38, 18, 12, 'A'),
(39, 19, 12, 'A'),
(40, 20, 12, 'D'),
(41, 1, 13, 'A'),
(42, 2, 13, 'B'),
(43, 3, 13, 'A'),
(44, 4, 14, 'B'),
(45, 5, 14, 'A'),
(46, 6, 14, 'C'),
(47, 7, 15, 'B'),
(48, 8, 15, 'A'),
(49, 9, 15, 'A'),
(50, 10, 15, 'B'),
(51, 11, 16, 'A'),
(52, 12, 16, 'F'),
(53, 13, 16, 'A'),
(54, 14, 17, 'B'),
(55, 15, 17, 'A'),
(56, 16, 17, 'A'),
(57, 17, 18, 'F'),
(58, 18, 18, 'D'),
(59, 19, 18, 'A'),
(60, 20, 18, 'B'),
(61, 1, 19, 'A'),
(62, 2, 19, 'B'),
(63, 3, 19, 'A'),
(64, 4, 20, 'B'),
(65, 5, 20, 'C'),
(66, 6, 20, 'A'),
(67, 7, 21, 'B'),
(68, 8, 21, 'A'),
(69, 9, 21, 'A'),
(70, 10, 21, 'B'),
(71, 11, 22, 'F'),
(72, 12, 22, 'B'),
(73, 13, 22, 'A'),
(74, 14, 23, 'B'),
(75, 15, 23, 'C'),
(76, 16, 23, 'A'),
(77, 17, 24, 'B'),
(78, 18, 24, 'A'),
(79, 19, 24, 'C'),
(80, 20, 24, 'B'),
(81, 1, 25, 'A'),
(82, 2, 25, 'B'),
(83, 3, 25, 'A'),
(84, 4, 26, 'C'),
(85, 5, 26, 'A'),
(86, 6, 26, 'A'),
(87, 7, 27, 'B'),
(88, 8, 27, 'A'),
(89, 9, 27, 'A'),
(90, 10, 27, 'B'),
(91, 11, 28, 'A'),
(92, 12, 28, 'B'),
(93, 13, 28, 'A'),
(94, 14, 29, 'B'),
(95, 15, 29, 'A'),
(96, 16, 29, 'A'),
(97, 17, 30, 'B'),
(98, 18, 30, 'A'),
(99, 19, 30, 'A'),
(100, 20, 30, 'B'),
(101, 1, 31, 'A'),
(102, 2, 31, 'B'),
(103, 3, 31, 'C'),
(104, 4, 32, 'c'),
(105, 5, 32, 'A'),
(106, 6, 32, 'A'),
(107, 7, 33, 'B'),
(108, 8, 33, 'A'),
(109, 9, 33, 'C'),
(110, 10, 33, 'B'),
(111, 11, 34, 'A'),
(112, 12, 34, 'B'),
(113, 13, 34, 'A'),
(114, 14, 35, 'B'),
(115, 15, 35, 'F'),
(116, 16, 35, 'A'),
(117, 17, 36, 'B'),
(118, 18, 36, 'A'),
(119, 19, 36, 'A'),
(120, 20, 36, 'B'),
(121, 1, 37, 'A'),
(122, 2, 37, 'D'),
(123, 3, 37, 'A'),
(124, 4, 38, 'B'),
(125, 5, 38, 'F'),
(126, 6, 38, 'A'),
(127, 7, 39, 'c'),
(128, 8, 39, 'A'),
(129, 9, 39, 'C'),
(130, 10, 39, 'B');

-- grades table
INSERT INTO grades (gradeID, gradeName, gradePoints) VALUES
(1, 'A', 4.00),
(2, 'A-', 3.67),
(3, 'B+', 3.33),
(4, 'B', 3.00),
(5, 'B-', 2.67),
(6, 'C+', 2.33),
(7, 'C', 2.00),
(8, 'C-', 1.67),
(9, 'D+', 1.33),
(10, 'D', 1.00),
(11, 'D-', 0.67),
(12, 'F', 0.00);

